"indep(__d, 1)
References : ['plot_vs(Pout,Pin)']
Dependency : [?]
Num. Points : [?]
Matrix Size : ?
Type : ?","plot_vs(Pout,Pin)
References : []
Dependency : []
Num. Points : [100]
Matrix Size : scalar
Type : Real"
-25.000,-4.469
-24.545,-4.014
-24.091,-3.560
-23.636,-3.105
-23.182,-2.651
-22.727,-2.196
-22.273,-1.742
-21.818,-1.287
-21.364,-0.832
-20.909,-0.378
-20.455,0.077
-20.000,0.531
-19.545,0.986
-19.091,1.440
-18.636,1.895
-18.182,2.349
-17.727,2.804
-17.273,3.258
-16.818,3.713
-16.364,4.168
-15.909,4.622
-15.455,5.077
-15.000,5.531
-14.545,5.986
-14.091,6.440
-13.636,6.895
-13.182,7.349
-12.727,7.804
-12.273,8.258
-11.818,8.713
-11.364,9.168
-10.909,9.622
-10.455,10.077
-10.000,10.531
-9.545,10.986
-9.091,11.440
-8.636,11.895
-8.182,12.349
-7.727,12.804
-7.273,13.258
-6.818,13.713
-6.364,14.168
-5.909,14.622
-5.455,15.077
-5.000,15.531
-4.545,15.986
-4.091,16.440
-3.636,16.895
-3.182,17.349
-2.727,17.804
-2.273,18.258
-1.818,18.713
-1.364,19.168
-0.909,19.622
-0.455,20.077
-1.921E-14,20.531
0.455,20.986
0.909,21.440
1.364,21.895
1.818,22.349
2.273,22.804
2.727,23.258
3.182,23.713
3.636,24.168
4.091,24.622
4.545,25.077
5.000,25.531
5.455,25.986
5.909,26.440
6.364,26.895
6.818,27.349
7.273,27.804
7.727,28.258
8.182,28.713
8.636,29.168
9.091,29.622
9.545,30.077
10.000,30.531
10.455,30.986
10.909,31.440
11.364,31.895
11.818,32.349
12.273,32.804
12.727,33.258
13.182,33.713
13.636,34.168
14.091,34.622
14.545,35.077
15.000,35.531
15.455,35.986
15.909,36.440
16.364,36.895
16.818,37.349
17.273,37.804
17.727,38.258
18.182,38.713
18.636,39.168
19.091,39.622
19.545,40.077
20.000,40.531
